{
  "metadata": {
    "name": "uuxs",
    "author": "Đường đen",
    "version": 1,
    "source": "https://www.uuxs.com/",
    "regexp": "^https://(?:www\\.)?uuxs\\.com/book/\\d+/?$",
    "description": "Đọc truyện trên trang uuxs",
    "locale": "zh-CN",
    "language": "javascript",
    "type": "chinese_novel",
    "encrypt": true
  },
  "script": {
    "home": "home.js",
    "genre": "genre.js",
    "detail": "detail.js",
    "search": "search.js",
    "toc": "toc.js",
    "chap": "chap.js"
  }
}