{
  "metadata": {
    "name": "69shu - repo Đường đen",
    "author": "hajljnopera",
    "version": 20,
    "source": "https://69shuba.cx",
    "regexp": "(www\\.)?69(shu|shuba|xinshu)\\.(.*?)/(book|b)/.*?\\.(htm|html)",
    "description": "Đọc truyện trên trang 69shuba.com",
    "locale": "zh_CN",
    "language": "javascript",
    "type": "chinese_novel"
  },
  "script": {
    "home": "home.js",
    "detail": "detail.js",
    "toc": "toc.js",
    "chap": "chap.js",
    "genre": "genre.js",
    "search": "search.js"
  }
}